{"categories":[{"category":"amateur"},{"category":"anal"},{"category":"asian"},{"category":"bigtits"},{"category":"blonde"},{"category":"blowjob"},{"category":"creampie"},{"category":"cumshot"},{"category":"doublepenetration"},{"category":"ebony"},{"category":"facials"},{"category":"fetish"},{"category":"gangbang"},{"category":"gay"},{"category":"group"},{"category":"hentai"},{"category":"interracial"},{"category":"japanese"},{"category":"latina"},{"category":"lesbian"},{"category":"lingerie"},{"category":"masturbation"},{"category":"mature"},{"category":"milf"},{"category":"pov"},{"category":"public"},{"category":"redhead"},{"category":"shemale"},{"category":"squirting"},{"category":"teens"},{"category":"vintage"},{"category":"wildcrazy"}]}