{"language-name":"Romanian","Show sidebar":"Show sidebar","Upload a file":"Upload a file","Share media by ":"Share media by ","Notifications":"Notifications","My profile":"My profile","Profile Management":"Profile Management","Change password":"Change password","Logout":"Logout","Search videos":"Search videos","Browse":"Browse","Most Viewed":"Most Viewed","Featured":"Featured","Most Liked":"Most Liked","My stuff":"My stuff","Create playlist":"Create playlist","Manage playlists":"Manage playlists","Manage likes":"Manage likes","Manage videos":"Manage videos","Back one level":"Back one level","Subions":"Subions","My playlists":"My playlists","Play all":"Play all","by":"by","views":"views","Facebook fans":"Facebook fans","Top playlists":"Top playlists","Newest users":"Newest users","404":"404","oops! page not found":"oops! page not found","Back to home":"Back to home","Featured Description":"Featured Description","Waiting for upload":"Waiting for upload","Video details":"Video details","Share a video":"Share a video","share":"share","Disliked a video":"Disliked a video","liked a video":"liked a video","in playlist ":"in playlist ","collected a video":"collected a video","on video":"on video","commented":"commented","shared a video":"shared a video","Login first!":"Login first!","Most Viewed Description":"Most Viewed Description","watched a video":"watched a video","Browse Description":"Browse Description","Error. Please go back":"Error. Please go back","Most Liked Description":"Most Liked Description","Sorry but there are no results.":"Sorry but there are no results.","This URL is invalid or the video is removed by the provider.":"This URL is invalid or the video is removed by the provider.","Unknown provider or incorrect URL. Please try again.":"Unknown provider or incorrect URL. Please try again.","Popular channels":"Popular channels","Buzz":"Buzz","Subscribed to":"Subscribed to","Subscribers":"Subscribers","Name":"Name","About":"About","Reported by":"Reported by","Avatar":"Avatar","Subscriptions":"Subscriptions","Share media by link":"Share media by link","Owner":"Owner","Playlist":"Playlist","Create channel":"Create channel","Channel image":"Channel image","Description":"Description","Choose a parentcategory:":"Choose a parentcategory:","Child of:":"Child of:","Your channel's title":"Your channel's title","Title":"Title","Channel":"Channel","Delete selected":"Delete selected","Delete":"Delete","Details & embed":"Details & embed","Please login in order to collect videos.":"Please login in order to collect videos.","Please login in order to report videos.":"Please login in order to report videos.","Report video":"Report video","Add To":"Add To","Dislike":"Dislike","Like":"Like","Subscribe":"Subscribe","Classic registration":"Classic registration","Google":"Google","Google login":"Google login","Twitter":"Twitter","Twitter login":"Twitter login","Facebook":"Facebook","Facebook login":"Facebook login","Login":"Login","Loading the player...":"Loading the player...","Add video":"Add video","Safe":"Safe","Not safe":"Not safe","Description:":"Description:","Tags:":"Tags:","NSFW:":"NSFW:","Choose a category:":"Choose a category:","Category:":"Category:","In seconds":"In seconds","Duration:":"Duration:","Link to web image file.":"Link to web image file.","Title:":"Title:","Thumbnail:":"Thumbnail:","http:\/\/www.dailymotion.com\/img\/x116zuj_imbroglio_shortfilms.jpg":"http:\/\/www.dailymotion.com\/img\/x116zuj_imbroglio_shortfilms.jpg","New video details":"New video details","Continue":"Continue","Share video by iframe\/embed":"Share video by iframe\/embed","Remote file (direct link to .mp4,.flv file)":"Remote file (direct link to .mp4,.flv file)","OR":"OR","http:\/\/www.mycustomhost.com\/video\/rihanna-file.mp4":"http:\/\/www.mycustomhost.com\/video\/rihanna-file.mp4","Link to video (Youtube, Metacafe, etc)":"Link to video (Youtube, Metacafe, etc)","Social video link:":"Social video link:","http:\/\/www.dailymotion.com\/video\/x116zuj_imbroglio_shortfilms":"http:\/\/www.dailymotion.com\/video\/x116zuj_imbroglio_shortfilms","New video":"New video","Unfeature video":"Unfeature video","Publish video":"Publish video","Permanently delete video":"Permanently delete video","Publish selected":"Publish selected","View":"View","Feature video":"Feature video","Edit":"Edit","Unpublish":"Unpublish","Unpublish selected":"Unpublish selected","Likes":"Likes","Duration":"Duration","Video":"Video","Thumb":"Thumb","Last":"Last","First":"First","Update settings":"Update settings","Reports":"Reports","Comments":"Comments","Playlists":"Playlists","Video likes":"Video likes","Video views":"Video views","Members":"Members","Videos":"Videos","Username & password":"Username & password","ilike":"ilike","Reason for reporting":"Reason for reporting","Video not playing":"Video not playing","Wrong title\/description":"Wrong title\/description","Video is offensive":"Video is offensive","Video is restricted":"Video is restricted","Copyrighted material":"Copyrighted material","Details of the report":"Details of the report","Send report":"Send report","You have no playlists that don't contain this video":"You have no playlists that don't contain this video","enterComment":"enterComment","comment":"comment","Share video by link":"Share video by link","Sign in to Your Account":"Sign in to Your Account","Email":"Email","Email address":"Email address","Password":"Password","forgot your password?":"forgot your password?","Your Password":"Your Password","Sign in":"Sign in","Join with ":"Join with ","It's you":"It's you","Interesting people":"Interesting people","created successfully.":"created successfully.","Manage videos.":"Manage videos.","Upload avatar":"Upload avatar","Unsubscribe":"Unsubscribe","Collect in selected":"Collect in selected","registration":"registration","Create a new Account":"Create a new Account","Your stage name":"Your stage name","Choose Password":"Choose Password","Repeat Password":"Repeat Password","City":"City","Country":"Country","Register":"Register","About you":"About you","Gender":"Gender","Male":"Male","Female":"Female","Social profiles can be left blank, if added they become public.":"Social profiles can be left blank, if added they become public.","Facebook page":"Facebook page","my.fan.url":"my.fan.url","Without":"Without","Google Plus":"Google Plus","my.google.id":"my.google.id","my.twitter.id":"my.twitter.id","Save changes":"Save changes","Control panel":"Control panel","Avatar changed.":"Avatar changed.","liked a comment":"liked a comment","Subscription added!":"Subscription added!","You":"You","this":"this","Link to original video image file. Don't change this to use video default (if any in left)":"Link to original video image file. Don't change this to use video default (if any in left)","We don't support yet embeds from that website":"We don't support yet embeds from that website","Videos unpublished.":"Videos unpublished.","Video unpublished.":"Video unpublished.","Your playlist's title":"Your playlist's title","Playlist image":"Playlist image","You and XXX":"You and XXX","You like this":"You like this","Liked":"Liked","Remove selected":"Remove selected","Remove rating":"Remove rating","Image":"Image","Select only if you wish to change the image":"Select only if you wish to change the image","Duration (in seconds):":"Duration (in seconds):","No change":"No change","Initial category is":"Initial category is","Update video":"Update video","Wrong username or password.":"Wrong username or password.","Hide":"Hide","Link to video":"Link to video","Embed code":"Embed code","Import selected":"Import selected","Recover password":"Recover password","Change language":"Change language","No homeblocks defined by administrator.":"No homeblocks defined by administrator.","405":"","One like":"One like","Update channel":"Update channel","Visitor":"Visitor","User & pass":"User & pass","My Buzz":"My Buzz","New playlist":"New playlist","My likes":"My likes","My videos":"My videos","You and XXX like this":"You and XXX like this","You and XXX other like this":"You and XXX other like this","Write your comment":"Write your comment","You and XXX others like this":"You and XXX others like this","Click to remove subscription":"Click to remove subscription","Subscribed":"Subscribed","Click to add a subscription":"Click to add a subscription","You already":"You already","Playlist created.":"Playlist created."," created.":" created.","Delete playlist":"Delete playlist","Already subscribed!":"Already subscribed!","Recover":"Recover","All done!":"All done!","No playlist selected":"No playlist selected","Permanently delete videos":"Permanently delete videos","You +1 like this":"You +1 like this","Subscription removed!":"Subscription removed!","Email already in use":"Email already in use","Video editing has been disabled by the administrator":"Video editing has been disabled by the administrator","Video edited.":"Video edited."," updated.":" updated.","Report not sent! Please make sure you complete all fields":"Report not sent! Please make sure you complete all fields","Something went wrong, please try again.":"Something went wrong, please try again.","Invalid Login system":"Invalid Login system","Something went wrong: Missing file or thumbnail":"Something went wrong: Missing file or thumbnail","Seems that link it's not valid or link is wrong":"Seems that link it's not valid or link is wrong","Password changed.":"Password changed.","is not registered to any account.":"is not registered to any account.","Passwords do not match.":"Passwords do not match.","Remove from playlist":"Remove from playlist","XXX like this":"XXX like this","commented on the video":"commented on the video","liked a comment on the video":"liked a comment on the video","collected a video in playlist ":"collected a video in playlist ","Activity":"Activity","Videos shared":"Videos shared","Liked videos":"Liked videos","All activity":"All activity","On this list":"On this list","Watched":"Watched","Watched videos":"Watched videos","change":"change","my.profile.username":"my.profile.username","my.twitter.username":"my.twitter.username","Upload cover":"Upload cover","Cover upload failed.":"Cover upload failed.","Change profile images":"Change profile images","Change profile data":"Change profile data","Avatar upload failed.":"Avatar upload failed.","Success!":"Success!","You are now subscribed!":"You are now subscribed!","You will no longer see this user's actions in your buzz!":"You will no longer see this user's actions in your buzz!","Hmm..have a name stranger?!":"Hmm..have a name stranger?!","Please login in order to like a video! It's fast and worth it":"Please login in order to like a video! It's fast and worth it","Ohhh!":"Ohhh!","Edit your details":"Edit your details","Change avatar":"Change avatar","Change cover":"Change cover","Change picture":"Change picture","Change cover (1170px\/315px)":"Change cover (1170px\/315px)","Like this comment":"Like this comment","SHARE:":"SHARE:","Embed this video":"Embed this video","You are already subscribed!":"You are already subscribed!","uploaded successfully.":"uploaded successfully.","This video will be available after conversion.":"This video will be available after conversion.","Channels":"Channels","New users":"New users","My subscriptions":"My subscriptions","Language":"Language","Upload video":"Upload video","Search":"Search","Upload a video from your PC":"Upload a video from your PC","Share a web video":"Share a web video","Upload an image from your PC":"Upload an image from your PC","Upload image from your PC":"Upload image from your PC","What you've been up to?":"What you've been up to?","Post now":"Post now"," Post now":" Post now","What's you've been up to?":"What's you've been up to?","What's in this picture?":"What's in this picture?","Tell us a bit more maybe?":"Tell us a bit more maybe?","The picture's title":"The picture's title","What's in this picture? Tell your friends a bit more maybe?":"What's in this picture? Tell your friends a bit more maybe?","Say something about this picture":"Say something about this picture","picture":"picture"," Continue":" Continue","http:\/\/www.youtube.com\/watch?v=fIadOXV1wVg":"http:\/\/www.youtube.com\/watch?v=fIadOXV1wVg","What's this picture?":"What's this picture?","Say something more about this picture":"Say something more about this picture","Image category:":"Image category:","Embed this video as 480x360":"Embed this video as 480x360","Embed this video as 640x480":"Embed this video as 640x480","Next video starting soon":"Next video starting soon","Information":"Information","Choose a spot:":"Choose a spot:","In order to change your password please follow this link:":"In order to change your password please follow this link:","Password change for":"Password change for","Report sent!":"Report sent!","Login first":"Login first","Add to playlist(s)":"Add to playlist(s)","Select channel:":"Select channel:","Sort":"Sort","This Week":"This Week","All":"All","This Month":"This Month","This Year":"This Year","This Years":"This Years","Last login:":"Last login:","Registered:":"Registered:","View all":"View all","Filter results":"Filter results","Filter videos":"Filter videos","Most Commented Description":"Most Commented Description","Most Commented":"Most Commented","New Videos":"New Videos","Feed":"Feed","Passwords are not the same":"Passwords are not the same","Upload":"Upload","Upload from PC":"Upload from PC","Web video":"Web video","Whats happening":"Whats happening","Profile":"Profile","Account":"Account","Forgot password":"Forgot password","Playlists deleted.":"Playlists deleted.","All Media Feed":"All Media Feed","Video Feed":"Video Feed","Music Feed":"Music Feed","Images Feed":"Images Feed","Report":"Report","Please login in order to report media.":"Please login in order to report media.","Video Channels":"Video Channels","Music Channels":"Music Channels","Image Categories":"Image Categories","New Media":"New Media","Recent":"Recent","Music":"Music","My Media":"My Media","Warning: No channels.":"Warning: No channels.","This video is not safe":"This video is not safe","I am under 18":"I am under 18","Missing video id":"Missing video id","No categories":"No categories","Choose owner:":"Choose owner:","Share a picture":"Share a picture","Choose an image:":"Choose an image:","Visibility":"Visibility","Users only":"Users only","Everybody":"Everybody","Manage media.":"Manage media.","www.dailymotion.com\/video\/x116zuj_imbroglio_shortfilms":"www.dailymotion.com\/video\/x116zuj_imbroglio_shortfilms","Channel:":"Channel:","Blog":"Blog","Share a melody":"Share a melody","Music category:":"Music category:","This video is not public!":"This video is not public!","Please login or register to watch it":"Please login or register to watch it","Something went wrong. Wrong credentials":"Something went wrong. Wrong credentials","Uploaded":"Uploaded","Embed video":"Embed video","Add to playlist":"Add to playlist","in the category":"in the category","Like this video":"Like this video","Recent Activity":"Recent Activity","Sort activity":"Sort activity","Uploads":"Uploads","disliked ":"disliked ","shared":"shared","Update playlist":"Update playlist","Followd by":"Followd by","Followed by":"Followed by","Following":"Following","liked a comment on":"liked a comment on","Top videos":"Top videos","Watch this video":"Watch this video","Browse Videos":"Browse Videos","The title":"The title","Create":"Create","Latest articles":"Latest articles","Blog categories":"Blog categories","Pages":"Pages","Articles":"Articles","Update":"Update","Read More":"Read More","added to ":"added to ","Skip this and Play":"Skip this and Play","Restart the video":"Restart the video","Large Player":"Large Player","Small Player":"Small Player","Stop playlist":"Stop playlist","Shortly offline":"Shortly offline","We're working a bit on the website. Please get back shortly!":"We're working a bit on the website. Please get back shortly!","Maintenance":"Maintenance","Should take a few minutes!":"Should take a few minutes!","Feature":"Feature","Song cover":"Song cover","Channels seo description":"Channels seo description","Group":"Group","Is admin":"Is admin","Id":"Id","k":"k","Vimeo category:":"Vimeo category:","All articles":"All articles","Account Settings":"Account Settings","See all video shared":"See all video shared","See all activity":"See all activity","Activities":"Activities","profile views":"profile views","Trending":"Trending","Post":"Post","Change cover \u003Cem\u003E(height: 220px)\u003C\/em\u003E":"Change cover \u003Cem\u003E(height: 220px)\u003C\/em\u003E","Report media":"Report media","Newest videos":"Newest videos","Recent Videos":"Recent Videos","Fresh videos":"Fresh videos","Selected by views":"Selected by views","Selected by user likes":"Selected by user likes","Discussed":"Discussed","Most commented on":"Most commented on","Watch Videos":"Watch Videos","Browse Channels":"Browse Channels","Video categories":"Video categories","Categories for music":"Categories for music","Categories with videos":"Categories with videos","Categories with music":"Categories with music","Pictures":"Pictures","Categories with images":"Categories with images","Images categories ":"Images categories ","Music categories ":"Music categories ","m":"m","Please login using the social service preferred or by using the e-mail and password from the previous registration.":"Please login using the social service preferred or by using the e-mail and password from the previous registration.","Signin with \u003Cstrong\u003EFacebook\u003C\/strong\u003E":"Signin with \u003Cstrong\u003EFacebook\u003C\/strong\u003E","Signin with \u003Cstrong\u003EGoogle\u003C\/strong\u003E":"Signin with \u003Cstrong\u003EGoogle\u003C\/strong\u003E","Signin with \u003Cstrong\u003ETwitter\u003C\/strong\u003E":"Signin with \u003Cstrong\u003ETwitter\u003C\/strong\u003E","If you don't have an social account you can":"If you don't have an social account you can","register here":"register here","Recover your password by e-mail. If you've used an social service, just click on the button for that service on the login page.":"Recover your password by e-mail. If you've used an social service, just click on the button for that service on the login page.","If you don't have an account yet you can":"If you don't have an account yet you can","Thank you for deciding to join the fun!.":"Thank you for deciding to join the fun!.","Complete the form in the right or choose a fast social registration and let's get started!":"Complete the form in the right or choose a fast social registration and let's get started!","Thank you for deciding to join the fun!":"Thank you for deciding to join the fun!","Select avatar":"Select avatar","Select your avatar":"Select your avatar","Create account":"Create account","Recent articles":"Recent articles","Newest images":"Newest images","Most Commented Songs Description":"Most Commented Songs Description","Newest Songs":"Newest Songs","Browse Songs Description":"Browse Songs Description","Most Viewed Songs Description":"Most Viewed Songs Description","Most Liked Songs Description":"Most Liked Songs Description","Filter Images":"Filter Images","Images":"Images","Filter activity":"Filter activity","Our Blog":"Our Blog","Sorry but there are no results":"Sorry but there are no results","https:\/\/www.youtube.com\/watch?v=g5qU7p7yOY8":"https:\/\/www.youtube.com\/watch?v=g5qU7p7yOY8","Video hosted on the web":"Video hosted on the web","Upload an mp3":"Upload an mp3","Upload a picture":"Upload a picture","Upload a video file":"Upload a video file","Embed a video from the web":"Embed a video from the web","You can embed from:":"You can embed from:","Embed":"Embed","Save & Create video":"Save & Create video","Create & Save video":"Create & Save video","Share a melody (mp3)":"Share a melody (mp3)","All time":"All time","All results in website":"All results in website","Only video published this week":"Only video published this week","Only from this week":"Only from this week","Only from this month":"Only from this month","Only uploaded this year":"Only uploaded this year","Last 7 days":"Last 7 days","This month only":"This month only","Current year":"Current year","All results":"All results","#":"#","Users":"Users","Hi , ":"Hi , ","Shared media":"Shared media","Settings":"Settings","Would you like to join our community and start sharing videos, following friends and collect media that interests you?":"Would you like to join our community and start sharing videos, following friends and collect media that interests you?","Would you like to join our community and share videos, follow friends and collect media that interests you?":"Would you like to join our community and share videos, follow friends and collect media that interests you?","View profile":"View profile","Activity on your videos":"Activity on your videos","Your latest fans":"Your latest fans","Dashboard":"Dashboard","Remove from liked":"Remove from liked","Remove!":"Remove!","You no longer like this.":"You no longer like this.","language-code":"ro-2"}