{"tags":[{"tag":{"tag_name":"Amateur"}},{"tag":{"tag_name":"Anal Masturbation"}},{"tag":{"tag_name":"Anal Sex"}},{"tag":{"tag_name":"Animated"}},{"tag":{"tag_name":"Asian"}},{"tag":{"tag_name":"Bareback"}},{"tag":{"tag_name":"Bathroom"}},{"tag":{"tag_name":"BBW"}},{"tag":{"tag_name":"Behind the Scenes"}},{"tag":{"tag_name":"Big Ass"}},{"tag":{"tag_name":"Big Cock"}},{"tag":{"tag_name":"Big Tits"}},{"tag":{"tag_name":"Bikini"}},{"tag":{"tag_name":"Bisexual"}},{"tag":{"tag_name":"Black-haired"}},{"tag":{"tag_name":"Blonde"}},{"tag":{"tag_name":"Blowjob"}},{"tag":{"tag_name":"Bondage"}},{"tag":{"tag_name":"Boots"}},{"tag":{"tag_name":"Brunette"}},{"tag":{"tag_name":"Bukkake"}},{"tag":{"tag_name":"Car"}},{"tag":{"tag_name":"Cartoon"}},{"tag":{"tag_name":"Caucasian"}},{"tag":{"tag_name":"Celebrity"}},{"tag":{"tag_name":"CFNM"}},{"tag":{"tag_name":"Chubby"}},{"tag":{"tag_name":"Compilation"}},{"tag":{"tag_name":"Couple"}},{"tag":{"tag_name":"Cream Pie"}},{"tag":{"tag_name":"Cum Shot"}},{"tag":{"tag_name":"Cum Swap"}},{"tag":{"tag_name":"Deepthroat"}},{"tag":{"tag_name":"Domination"}},{"tag":{"tag_name":"Double Penetration"}},{"tag":{"tag_name":"Ebony"}},{"tag":{"tag_name":"Facial"}},{"tag":{"tag_name":"Fat"}},{"tag":{"tag_name":"Femdom"}},{"tag":{"tag_name":"Fetish"}},{"tag":{"tag_name":"Fisting"}},{"tag":{"tag_name":"Footjob"}},{"tag":{"tag_name":"Funny"}},{"tag":{"tag_name":"Gagging"}},{"tag":{"tag_name":"Gangbang"}},{"tag":{"tag_name":"Gay"}},{"tag":{"tag_name":"Gay Couple"}},{"tag":{"tag_name":"Gay Group Sex"}},{"tag":{"tag_name":"German"}},{"tag":{"tag_name":"Glamour"}},{"tag":{"tag_name":"Glasses"}},{"tag":{"tag_name":"Glory Hole"}},{"tag":{"tag_name":"Granny"}},{"tag":{"tag_name":"Group Sex"}},{"tag":{"tag_name":"Gym"}},{"tag":{"tag_name":"Hairy"}},{"tag":{"tag_name":"Handjob"}},{"tag":{"tag_name":"Hentai"}},{"tag":{"tag_name":"High Heels"}},{"tag":{"tag_name":"Hospital"}},{"tag":{"tag_name":"Indian"}},{"tag":{"tag_name":"Interracial"}},{"tag":{"tag_name":"Japanese"}},{"tag":{"tag_name":"Kissing"}},{"tag":{"tag_name":"Latex"}},{"tag":{"tag_name":"Latin"}},{"tag":{"tag_name":"Lesbian"}},{"tag":{"tag_name":"Licking Vagina"}},{"tag":{"tag_name":"Lingerie"}},{"tag":{"tag_name":"Maid"}},{"tag":{"tag_name":"Massage"}},{"tag":{"tag_name":"Masturbation"}},{"tag":{"tag_name":"Mature"}},{"tag":{"tag_name":"Midget"}},{"tag":{"tag_name":"MILF"}},{"tag":{"tag_name":"Muscular"}},{"tag":{"tag_name":"Nurse"}},{"tag":{"tag_name":"Office"}},{"tag":{"tag_name":"Oral Sex"}},{"tag":{"tag_name":"Oriental"}},{"tag":{"tag_name":"Outdoor"}},{"tag":{"tag_name":"Pantyhose"}},{"tag":{"tag_name":"Party"}},{"tag":{"tag_name":"Peeing"}},{"tag":{"tag_name":"Piercings"}},{"tag":{"tag_name":"Police"}},{"tag":{"tag_name":"Pool"}},{"tag":{"tag_name":"Pornstar"}},{"tag":{"tag_name":"Position 69"}},{"tag":{"tag_name":"POV"}},{"tag":{"tag_name":"Pregnant"}},{"tag":{"tag_name":"Public"}},{"tag":{"tag_name":"Redhead"}},{"tag":{"tag_name":"Rimming"}},{"tag":{"tag_name":"Romantic"}},{"tag":{"tag_name":"Russian"}},{"tag":{"tag_name":"School"}},{"tag":{"tag_name":"Secretary"}},{"tag":{"tag_name":"Shaved"}},{"tag":{"tag_name":"Shemale"}},{"tag":{"tag_name":"Skinny"}},{"tag":{"tag_name":"Small Tits"}},{"tag":{"tag_name":"Solo Gay"}},{"tag":{"tag_name":"Solo Girl"}},{"tag":{"tag_name":"Solo Male"}},{"tag":{"tag_name":"Spanking"}},{"tag":{"tag_name":"Spectacular"}},{"tag":{"tag_name":"Spycam"}},{"tag":{"tag_name":"Squirting"}},{"tag":{"tag_name":"Stockings"}},{"tag":{"tag_name":"Strap-on"}},{"tag":{"tag_name":"Striptease"}},{"tag":{"tag_name":"Swallow"}},{"tag":{"tag_name":"Tattoos"}},{"tag":{"tag_name":"Teen"}},{"tag":{"tag_name":"Threesome"}},{"tag":{"tag_name":"Titfuck"}},{"tag":{"tag_name":"Toilet"}},{"tag":{"tag_name":"Toys"}},{"tag":{"tag_name":"Tribbing"}},{"tag":{"tag_name":"Uniform"}},{"tag":{"tag_name":"Vaginal Masturbation"}},{"tag":{"tag_name":"Vaginal Sex"}},{"tag":{"tag_name":"Vintage"}},{"tag":{"tag_name":"Wanking"}},{"tag":{"tag_name":"Webcam"}},{"tag":{"tag_name":"Young & Old"}}]}